{
  "nodeid": 0,
  "leaf": -0.00466879131,
  "cover": 22.4999866
}