{
  "nodeid": 0,
  "leaf": -0.00307211489,
  "cover": 21.9999866
}