{
  "nodeid": 0,
  "leaf": 0.00524039706,
  "cover": 24.2499161
}