{
  "nodeid": 0,
  "leaf": 0.000913080701,
  "cover": 23.249876
}